Wall time,Step,Value
1755219411.9013216,1000,18.63529396057129
1755219904.4792094,2000,24.330345153808594
1755220398.6482763,3000,27.56057357788086
1755220893.9116511,4000,28.753963470458984
1755221387.4493852,5000,29.105239868164062
1755221880.76997,6000,29.235898971557617
1755222374.9790757,7000,29.308483123779297
1755222866.9357424,8000,29.339298248291016
1755223360.9152007,9000,29.350942611694336
1755223855.7313159,10000,29.358463287353516
1755224347.9967506,11000,29.370540618896484
1755224841.3382125,12000,29.384035110473633
1755225334.6770387,13000,29.398895263671875
1755225829.274857,14000,29.408966064453125
1755226322.5270703,15000,29.42070198059082
1755226814.765714,16000,29.4321231842041
1755227308.5420089,17000,29.451494216918945
1755227802.6754248,18000,29.47234344482422
1755228296.8961,19000,29.494998931884766
1755228790.826712,20000,29.516765594482422
1755229284.1268337,21000,29.540660858154297
1755229777.5234697,22000,29.561214447021484
1755230271.7799501,23000,29.578466415405273
1755230764.0430975,24000,29.595033645629883
1755231257.511514,25000,29.614383697509766
1755231751.7054136,26000,29.633731842041016
1755232245.762777,27000,29.655118942260742
1755232742.7898386,28000,29.676668167114258
1755233237.1129434,29000,29.701778411865234
1755233731.3336487,30000,29.725574493408203
1755234227.4134939,31000,29.745996475219727
1755234724.14897,32000,29.764331817626953
1755235218.3698804,33000,29.776477813720703
1755235712.5283358,34000,29.786678314208984
1755236205.387657,35000,29.807918548583984
1755236699.418289,36000,29.820053100585938
1755237194.43758,37000,29.831377029418945
1755237686.5648801,38000,29.843183517456055
1755238179.6564937,39000,29.85622787475586
1755238672.25737,40000,29.870071411132812
1755239167.2236564,41000,29.880704879760742
1755239660.2857237,42000,29.89218521118164
1755240152.8594635,43000,29.904129028320312
1755240646.219363,44000,29.9150447845459
1755241139.279636,45000,29.923513412475586
1755241633.506479,46000,29.931602478027344
1755242126.9126265,47000,29.941694259643555
1755242619.528386,48000,29.95345115661621
1755243112.9381719,49000,29.963565826416016
1755243607.9768803,50000,29.973196029663086
1755243609.9530816,50002,29.973196029663086
