mean_power_mse_classic,mean_power_mse_deep,mean_cosine_power_classic,mean_cosine_power_deep,mean_cum_mse_classic,mean_cum_mse_deep,mean_low_mse_classic,mean_mid_mse_classic,mean_high_mse_classic,mean_low_mse_deep,mean_mid_mse_deep,mean_high_mse_deep,mean_dk50_classic,mean_dk80_classic,mean_dk50_deep,mean_dk80_deep,n_images
6.715801645437337e-10,5.645156503807153e-10,0.999999996513669,0.999999974272835,0.00011314191476995916,5.267578691405911e-06,6.4572947064678484e-09,1.0809991177155468e-11,7.246838656982123e-15,5.586102189247343e-09,6.927799938237451e-14,2.843832699563131e-15,0.0,-0.20814517752951792,0.0,-0.05649521793061731,5
