image,power_mse_classic,power_mse_deep,cosine_power_classic,cosine_power_deep,cum_mse_classic,cum_mse_deep,low_mse_classic,mid_mse_classic,high_mse_classic,low_mse_deep,mid_mse_deep,high_mse_deep,dk50_classic,dk80_classic,dk50_deep,dk80_deep
baby,1.232079672655189e-11,2.731112191583187e-11,0.9999999998885206,0.9999999979646004,3.5374878750360164e-06,5.125622298093281e-07,1.2079458037003546e-10,2.8215160834156562e-14,1.1521885304851154e-17,2.6794248639849727e-10,5.840405346553347e-16,1.0055025788511512e-17,0.0,-0.08788303276388298,0.0,-0.009135243725012593
bird,5.793806990296959e-10,3.233427053042928e-11,0.9999999980462286,0.9999999982640297,6.632301214236332e-05,3.0998966959884774e-06,5.609624035044482e-09,6.417234023333529e-12,8.809148683312678e-16,3.139245302806433e-10,6.107873653260098e-14,4.1528189836526955e-16,0.0,-0.205837228994738,0.0,-0.023729535598976392
butterfly,2.080815395899343e-09,9.509234444085462e-12,0.9999999942779371,0.9999999997166311,0.00042721490893750266,1.188236760464162e-05,1.9808487287214884e-08,4.340891141785291e-11,2.835536186931776e-14,9.048567352349284e-11,1.969477696016656e-13,7.571224269473506e-15,0.0,-0.5160874384060838,0.0,-0.20776900710870572
head,9.613520764820189e-11,2.7444108956495977e-09,0.9999999937108364,0.999999875858139,1.7396241014312367e-05,7.181186559600286e-06,9.49109740187387e-10,8.627583993589563e-13,5.082500272531795e-15,2.716943212532801e-08,5.186881699231383e-14,4.92363202440048e-15,0.0,-0.06905769721472188,0.0,-0.020685936639946334
woman,5.892487234148752e-10,9.012729363632433e-12,0.9999999966448213,0.9999999995607751,5.1237923880581404e-05,3.6618803669898433e-06,5.798457889522451e-09,3.332836884397796e-12,1.9038943894249345e-15,8.872613070607529e-11,3.5910633250636806e-14,1.2989702797878844e-15,0.0,-0.1618604902681628,0.0,-0.021156366580445507
