mean_power_mse_classic,mean_power_mse_deep,mean_cosine_power_classic,mean_cosine_power_deep,mean_cum_mse_classic,mean_cum_mse_deep,mean_low_mse_classic,mean_mid_mse_classic,mean_high_mse_classic,mean_low_mse_deep,mean_mid_mse_deep,mean_high_mse_deep,mean_dk50_classic,mean_dk80_classic,mean_dk50_deep,mean_dk80_deep,n_images
2.232162778403853e-10,4.0172370162679437e-10,0.9999999987933736,0.9999999699489794,0.00028412170472604605,0.00013961333959772843,2.217251239930044e-09,2.367481485716679e-12,1.8874659021153608e-14,4.002591518720933e-09,2.2947139257902717e-13,1.7620427805300833e-14,-0.002802099663200927,-0.35274126689061697,-0.00014895031879398528,-0.19209625757535753,100
