Wall time,Step,Value
1755246942.6470146,1000,0.6319979429244995
1755247340.1393118,2000,0.7834283709526062
1755247739.1651366,3000,0.8186526894569397
1755248145.362286,4000,0.8306769132614136
1755248559.6839676,5000,0.8429462313652039
1755248958.8068357,6000,0.8523724675178528
1755249356.5791538,7000,0.8581117987632751
1755249754.1824734,8000,0.8621459603309631
1755250151.703071,9000,0.8649802207946777
1755250550.2376604,10000,0.8671264052391052
1755250948.1621876,11000,0.868903398513794
1755251346.0343525,12000,0.8703086972236633
1755251744.0598736,13000,0.8714487552642822
1755252142.6575496,14000,0.8724247217178345
1755252540.3938367,15000,0.8733541965484619
1755252938.8865795,16000,0.8741832375526428
1755253337.1637952,17000,0.8748950958251953
1755253734.7859101,18000,0.875518798828125
1755254133.0098422,19000,0.8761940598487854
1755254530.7452,20000,0.8767592310905457
1755254929.0929177,21000,0.8772140741348267
1755255327.8745234,22000,0.8776242733001709
1755255726.4596486,23000,0.8779899477958679
1755256124.8765905,24000,0.8783267736434937
1755256523.9167166,25000,0.8786512613296509
1755256921.9232438,26000,0.8789933919906616
1755257320.3991587,27000,0.8792873620986938
1755257719.4350467,28000,0.8795807361602783
1755258117.146885,29000,0.8798280358314514
1755258516.5704935,30000,0.8800711631774902
1755258915.2522857,31000,0.8803402185440063
1755259314.2317767,32000,0.8806113004684448
1755259711.2578974,33000,0.8808294534683228
1755260109.272347,34000,0.8810817003250122
1755260507.5708542,35000,0.8812262415885925
1755260905.1595674,36000,0.8813560605049133
1755261304.097155,37000,0.8815391063690186
1755261701.46002,38000,0.881767749786377
1755262099.0232084,39000,0.8819363713264465
1755262496.5091062,40000,0.8821155428886414
1755262896.9638479,41000,0.8823156952857971
1755263294.5227542,42000,0.8824501633644104
1755263692.9129548,43000,0.8825569748878479
1755264091.8025684,44000,0.8826799392700195
1755264490.3512058,45000,0.8828364610671997
1755264890.0973947,46000,0.8829439878463745
1755265288.402394,47000,0.8830980062484741
1755265686.803346,48000,0.8832556009292603
1755266084.795664,49000,0.8833292126655579
1755266485.141478,50000,0.8834204077720642
1755266487.0244567,50002,0.8834204077720642
