Wall time,Step,Value
1755246942.6470003,1000,18.565940856933594
1755247340.1392837,2000,24.248533248901367
1755247739.1651092,3000,27.491065979003906
1755248145.3622515,4000,28.83109474182129
1755248559.6839492,5000,29.53127670288086
1755248958.8068078,6000,29.955984115600586
1755249356.5791242,7000,30.203710556030273
1755249754.182441,8000,30.375654220581055
1755250151.7030458,9000,30.493135452270508
1755250550.2376463,10000,30.585487365722656
1755250948.1621726,11000,30.660503387451172
1755251346.0343347,12000,30.7211971282959
1755251744.0598574,13000,30.775209426879883
1755252142.657404,14000,30.82555389404297
1755252540.3938205,15000,30.868865966796875
1755252938.886564,16000,30.905546188354492
1755253337.1637833,17000,30.940710067749023
1755253734.785875,18000,30.968828201293945
1755254133.0098276,19000,30.997446060180664
1755254530.7451859,20000,31.02448272705078
1755254929.0928674,21000,31.04798698425293
1755255327.8744967,22000,31.07221221923828
1755255726.4596348,23000,31.09123420715332
1755256124.876551,24000,31.10630989074707
1755256523.9166758,25000,31.124954223632812
1755256921.9232035,26000,31.144397735595703
1755257320.39913,27000,31.16105079650879
1755257719.4350054,28000,31.176742553710938
1755258117.1468508,29000,31.190711975097656
1755258516.5704787,30000,31.20627784729004
1755258915.2522576,31000,31.22539710998535
1755259314.2317495,32000,31.241107940673828
1755259711.2578826,33000,31.254709243774414
1755260109.2723036,34000,31.268518447875977
1755260507.5708284,35000,31.274051666259766
1755260905.1595387,36000,31.28203773498535
1755261304.0971372,37000,31.29359245300293
1755261701.4599805,38000,31.308658599853516
1755262099.0231922,39000,31.319076538085938
1755262496.5090892,40000,31.32895278930664
1755262896.9638174,41000,31.34039878845215
1755263294.5227275,42000,31.350942611694336
1755263692.9129276,43000,31.35976791381836
1755264091.80253,44000,31.367204666137695
1755264490.3511784,45000,31.378019332885742
1755264890.0973673,46000,31.382564544677734
1755265288.4023805,47000,31.392030715942383
1755265686.8033185,48000,31.401790618896484
1755266084.7956357,49000,31.408214569091797
1755266485.1414468,50000,31.413240432739258
1755266487.0244296,50002,31.413240432739258
