metric,low,medium,high
avg_highres_energy,0.9853697239924099,0.01317621062688829,0.001454065379701893
avg_classical_energy,0.9997957273881569,0.00018602394963095675,1.8248661212046062e-05
avg_deeplearn_energy,0.9974401283710493,0.0025020855680676674,5.778605988328354e-05
