mean_power_mse_classic,mean_power_mse_deep,mean_cosine_power_classic,mean_cosine_power_deep,mean_cum_mse_classic,mean_cum_mse_deep,mean_low_mse_classic,mean_mid_mse_classic,mean_high_mse_classic,mean_low_mse_deep,mean_mid_mse_deep,mean_high_mse_deep,mean_dk50_classic,mean_dk80_classic,mean_dk50_deep,mean_dk80_deep,n_images
1.107725363174688e-10,2.628279666134295e-10,0.9999999992479651,0.9999999876333566,0.00014615925727458107,5.699860032088315e-05,1.0953072893494757e-09,1.0516774675084667e-12,3.720732398231022e-15,2.5858405681664017e-09,7.223736229274966e-14,3.176392236798492e-15,0.0,-0.11420799954486537,0.0,-0.029957615545708322,14
