mean_power_mse_classic,mean_power_mse_deep,mean_cosine_power_classic,mean_cosine_power_deep,mean_cum_mse_classic,mean_cum_mse_deep,mean_low_mse_classic,mean_mid_mse_classic,mean_high_mse_classic,mean_low_mse_deep,mean_mid_mse_deep,mean_high_mse_deep,mean_dk50_classic,mean_dk80_classic,mean_dk50_deep,mean_dk80_deep,n_images
1.2923204296956923e-11,2.7019126782192153e-11,0.999999999765808,0.9999999969799289,0.00011021151271744595,1.207890783050703e-05,1.2817854096666392e-10,5.2131970063538814e-14,5.66653087827653e-17,2.683048482379363e-10,2.3794819484064483e-15,2.913805653486637e-17,-0.0024887345199817467,-0.3949107048263685,-0.00028967880567483406,-0.11595678572451026,109
