mean_power_mse_classic,mean_power_mse_deep,mean_cosine_power_classic,mean_cosine_power_deep,mean_cum_mse_classic,mean_cum_mse_deep,mean_low_mse_classic,mean_mid_mse_classic,mean_high_mse_classic,mean_low_mse_deep,mean_mid_mse_deep,mean_high_mse_deep,mean_dk50_classic,mean_dk80_classic,mean_dk50_deep,mean_dk80_deep,n_images
5.7865397608302375e-11,6.023193996694059e-11,0.9999999995268061,0.9999999917109267,0.0005430554488922261,0.0001696652320231091,5.743425066117517e-10,2.609577642538467e-13,1.2942516581079824e-15,5.989159493429972e-10,2.3024447621834414e-14,1.019119796173946e-15,-0.037177812630101364,-2.4634075074345945,-0.0016548955771508744,-1.1646850496479402,100
