Wall time,Step,Value
1755313231.6244547,1000,17.929107666015625
1755313461.2302516,2000,23.81300926208496
1755313690.145111,3000,27.272727966308594
1755313919.2316263,4000,28.675125122070312
1755314150.2313728,5000,29.110511779785156
1755314378.9394155,6000,29.224782943725586
1755314608.2459164,7000,29.27602767944336
1755314837.617858,8000,29.30015754699707
1755315066.7247384,9000,29.309814453125
1755315297.469818,10000,29.315113067626953
1755315526.7238193,11000,29.31633758544922
1755315755.7546625,12000,29.320226669311523
1755315985.6913764,13000,29.32599449157715
1755316215.1349807,14000,29.329336166381836
1755316444.3407798,15000,29.33080291748047
1755316674.3765879,16000,29.330915451049805
1755316902.5035605,17000,29.33453941345215
1755317131.2697783,18000,29.346498489379883
1755317361.8389323,19000,29.37811851501465
1755317589.952678,20000,29.430980682373047
1755317818.9684906,21000,29.4912166595459
1755318047.5974343,22000,29.551490783691406
1755318278.0077631,23000,29.60528564453125
1755318508.6069245,24000,29.64835548400879
1755318737.6225207,25000,29.67892837524414
1755318967.1317675,26000,29.699697494506836
1755319196.7154284,27000,29.717391967773438
1755319426.9134278,28000,29.7335147857666
1755319656.5757551,29000,29.747365951538086
1755319886.411462,30000,29.76252555847168
1755320115.2704284,31000,29.78581428527832
1755320346.1189497,32000,29.80860137939453
1755320575.7768683,33000,29.82491111755371
1755320804.4113283,34000,29.836977005004883
1755321034.403402,35000,29.84607696533203
1755321263.3330925,36000,29.854698181152344
1755321494.3549056,37000,29.862333297729492
1755321724.745048,38000,29.868946075439453
1755321953.5242102,39000,29.874034881591797
1755322182.5786233,40000,29.883665084838867
1755322414.1880517,41000,29.89202308654785
1755322643.1617136,42000,29.905879974365234
1755322872.8230853,43000,29.919734954833984
1755323102.8197622,44000,29.935762405395508
1755323332.3261518,45000,29.95238494873047
1755323564.3164585,46000,29.966707229614258
1755323793.689264,47000,29.984519958496094
1755324023.277244,48000,30.008296966552734
1755324253.6587179,49000,30.029203414916992
1755324484.5105042,50000,30.051057815551758
1755324486.389576,50002,30.051057815551758
