Wall time,Step,Value
1755189130.9396563,1000,18.563335418701172
1755189634.6179163,2000,24.36138153076172
1755190137.8943558,3000,27.780553817749023
1755190642.9844272,4000,29.207923889160156
1755191149.250165,5000,29.828458786010742
1755191653.971978,6000,30.141735076904297
1755192158.9491584,7000,30.337430953979492
1755192664.0780468,8000,30.461641311645508
1755193168.5422215,9000,30.55289077758789
1755193675.3656034,10000,30.620342254638672
1755194179.9716442,11000,30.68086814880371
1755194684.8269696,12000,30.735868453979492
1755195188.23737,13000,30.78784942626953
1755195693.7933822,14000,30.829484939575195
1755196197.9835546,15000,30.86423683166504
1755196701.3587885,16000,30.8891544342041
1755197205.8348298,17000,30.913280487060547
1755197714.8656561,18000,30.937335968017578
1755198224.884438,19000,30.956783294677734
1755198734.2781827,20000,30.974088668823242
1755199244.579781,21000,30.990123748779297
1755199755.3722193,22000,31.00420379638672
1755200267.419991,23000,31.017898559570312
1755200778.3325536,24000,31.026634216308594
1755201289.6317542,25000,31.042842864990234
1755201800.9036438,26000,31.050792694091797
1755202311.7280293,27000,31.062294006347656
1755202824.2557685,28000,31.074386596679688
1755203335.5276086,29000,31.077829360961914
1755203846.1477747,30000,31.086116790771484
1755204358.2096276,31000,31.097965240478516
1755204871.3151171,32000,31.110355377197266
1755205383.5245879,33000,31.117094039916992
1755205895.6678038,34000,31.127595901489258
1755206407.0918062,35000,31.133438110351562
1755206919.5355303,36000,31.143775939941406
1755207433.6523569,37000,31.151935577392578
1755207945.6199405,38000,31.160573959350586
1755208457.941016,39000,31.164875030517578
1755208970.2290118,40000,31.174631118774414
1755209484.6571655,41000,31.182147979736328
1755209996.916877,42000,31.189870834350586
1755210509.8375301,43000,31.19785499572754
1755211022.9621425,44000,31.201120376586914
1755211536.212224,45000,31.210050582885742
1755212052.2659254,46000,31.211467742919922
1755212565.8522692,47000,31.220809936523438
1755213070.6817493,48000,31.226526260375977
1755213574.5501897,49000,31.22734260559082
1755214080.906754,50000,31.227529525756836
1755214082.7581046,50002,31.227529525756836
